Movie Name,Rating,Rating,Category,Description,Director
The Shawshank Redemption,9.3/10,9.3/10,Drama,"Two imprisoned men bond over a number of years, finding solace and eventual redemption through acts of common decency.",Frank Darabont
The Godfather,9.2/10,9.2/10,Crime,An organized crime dynasty's aging patriarch transfers control of his clandestine empire to his reluctant son.,Francis Ford Coppola
The Godfather: Part II,9.0/10,9.0/10,Crime,"The early life and career of Vito Corleone in 1920s New York City is portrayed, while his son, Michael, expands and tightens his grip on the family crime syndicate.",Francis Ford Coppola
The Dark Knight,9.0/10,9.0/10,Action,"When the menace known as the Joker wreaks havoc and chaos on the people of Gotham, Batman must accept one of the greatest psychological and physical tests of his ability to fight injustice.",Christopher Nolan
12 Angry Men,9.0/10,9.0/10,Crime,The jury in a New York City murder trial is frustrated by a single member whose skeptical caution forces them to more carefully consider the evidence before jumping to a hasty verdict.,Sidney Lumet
Schindler's List,8.9/10,8.9/10,Biography,"In German-occupied Poland during World War II, industrialist Oskar Schindler gradually becomes concerned for his Jewish workforce after witnessing their persecution by the Nazis.",Steven Spielberg
The Lord of the Rings: The Return of the King,8.9/10,8.9/10,Action,Gandalf and Aragorn lead the World of Men against Sauron's army to draw his gaze from Frodo and Sam as they approach Mount Doom with the One Ring.,Peter Jackson
Pulp Fiction,8.9/10,8.9/10,Crime,"The lives of two mob hitmen, a boxer, a gangster and his wife, and a pair of diner bandits intertwine in four tales of violence and redemption.",Quentin Tarantino
"Il buono, il brutto, il cattivo",8.8/10,8.8/10,Western,A bounty hunting scam joins two men in an uneasy alliance against a third in a race to find a fortune in gold buried in a remote cemetery.,Sergio Leone
The Lord of the Rings: The Fellowship of the Ring,8.8/10,8.8/10,Action,A meek Hobbit from the Shire and eight companions set out on a journey to destroy the powerful One Ring and save Middle-earth from the Dark Lord Sauron.,Peter Jackson
Fight Club,8.8/10,8.8/10,Drama,An insomniac office worker and a devil-may-care soap maker form an underground fight club that evolves into much more.,David Fincher
Forrest Gump,8.8/10,8.8/10,Drama,"The presidencies of Kennedy and Johnson, the Vietnam War, the Watergate scandal and other historical events unfold from the perspective of an Alabama man with an IQ of 75, whose only desire ... Read all",Robert Zemeckis
Inception,8.8/10,8.8/10,Action,"A thief who steals corporate secrets through the use of dream-sharing technology is given the inverse task of planting an idea into the mind of a C.E.O., but his tragic past may doom the pro... Read all",Christopher Nolan
The Lord of the Rings: The Two Towers,8.7/10,8.7/10,Action,"While Frodo and Sam edge closer to Mordor with the help of the shifty Gollum, the divided fellowship makes a stand against Sauron's new ally, Saruman, and his hordes of Isengard.",Peter Jackson
Star Wars: Episode V - The Empire Strikes Back,8.7/10,8.7/10,Action,"After the Rebels are brutally overpowered by the Empire on the ice planet Hoth, Luke Skywalker begins Jedi training with Yoda, while his friends are pursued across the galaxy by Darth Vader ... Read all",Irvin Kershner
The Matrix,8.7/10,8.7/10,Action,"When a beautiful stranger leads computer hacker Neo to a forbidding underworld, he discovers the shocking truth--the life he knows is the elaborate deception of an evil cyber-intelligence.",Lana Wachowski
Goodfellas,8.7/10,8.7/10,Biography,"The story of Henry Hill and his life in the mob, covering his relationship with his wife Karen Hill and his mob partners Jimmy Conway and Tommy DeVito in the Italian-American crime syndicate... Read all",Martin Scorsese
One Flew Over the Cuckoo's Nest,8.7/10,8.7/10,Drama,"A criminal pleads insanity and is admitted to a mental institution, where he rebels against the oppressive nurse and rallies up the scared patients.",Milos Forman
Shichinin no samurai,8.6/10,8.6/10,Action,A poor village under attack by bandits recruits seven unemployed samurai to help them defend themselves.,Akira Kurosawa
Se7en,8.6/10,8.6/10,Crime,"Two detectives, a rookie and a veteran, hunt a serial killer who uses the seven deadly sins as his motives.",David Fincher
The Silence of the Lambs,8.6/10,8.6/10,Crime,"A young F.B.I. cadet must receive the help of an incarcerated and manipulative cannibal killer to help catch another serial killer, a madman who skins his victims.",Jonathan Demme
Cidade de Deus,8.6/10,8.6/10,Crime,"In the slums of Rio, two kids' paths diverge as one struggles to become a photographer and the other a kingpin.",Fernando Meirelles
La vita è bella,8.6/10,8.6/10,Comedy,"When an open-minded Jewish waiter and his son become victims of the Holocaust, he uses a perfect mixture of will, humor, and imagination to protect his son from the dangers around their camp... Read all",Roberto Benigni
It's a Wonderful Life,8.6/10,8.6/10,Drama,An angel is sent from Heaven to help a desperately frustrated businessman by showing him what life would have been like if he had never existed.,Frank Capra
Star Wars,8.6/10,8.6/10,Action,"Luke Skywalker joins forces with a Jedi Knight, a cocky pilot, a Wookiee and two droids to save the galaxy from the Empire's world-destroying battle station, while also attempting to rescue ... Read all",George Lucas
Saving Private Ryan,8.6/10,8.6/10,Drama,"Following the Normandy Landings, a group of U.S. soldiers go behind enemy lines to retrieve a paratrooper whose brothers have been killed in action.",Steven Spielberg
Interstellar,8.6/10,8.6/10,Adventure,A team of explorers travel through a wormhole in space in an attempt to ensure humanity's survival.,Christopher Nolan
Sen to Chihiro no kamikakushi,8.6/10,8.6/10,Animation,"During her family's move to the suburbs, a sullen 10-year-old girl wanders into a world ruled by gods, witches, and spirits, and where humans are changed into beasts.",Hayao Miyazaki
The Green Mile,8.6/10,8.6/10,Crime,"The lives of guards on Death Row are affected by one of their charges: a black man accused of child murder and rape, yet who has a mysterious gift.",Frank Darabont
Gisaengchung,8.6/10,8.6/10,Comedy,Greed and class discrimination threaten the newly formed symbiotic relationship between the wealthy Park family and the destitute Kim clan.,Bong Joon Ho
Léon,8.5/10,8.5/10,Action,"Mathilda, a 12-year-old girl, is reluctantly taken in by Léon, a professional assassin, after her family is murdered. An unusual relationship forms as she becomes his protégée and learns the... Read all",Luc Besson
Seppuku,8.6/10,8.6/10,Action,"When a ronin requesting seppuku at a feudal lord's palace is told of the brutal suicide of another ronin who previously visited, he reveals how their pasts are intertwined - and in doing so ... Read all",Masaki Kobayashi
The Pianist,8.5/10,8.5/10,Biography,A Polish Jewish musician struggles to survive the destruction of the Warsaw ghetto of World War II.,Roman Polanski
The Usual Suspects,8.5/10,8.5/10,Crime,"A sole survivor tells of the twisty events leading up to a horrific gun battle on a boat, which began when five criminals met at a seemingly random police lineup.",Bryan Singer
Terminator 2: Judgment Day,8.5/10,8.5/10,Action,"A cyborg, identical to the one who failed to kill Sarah Connor, must now protect her ten year old son, John Connor, from a more advanced and powerful cyborg.",James Cameron
Back to the Future,8.5/10,8.5/10,Adventure,"Marty McFly, a 17-year-old high school student, is accidentally sent thirty years into the past in a time-traveling DeLorean invented by his close friend, the eccentric scientist Doc Brown.",Robert Zemeckis
Psycho,8.5/10,8.5/10,Horror,"A Phoenix secretary embezzles $40,000 from her employer's client, goes on the run, and checks into a remote motel run by a young man under the domination of his mother.",Alfred Hitchcock
The Lion King,8.5/10,8.5/10,Animation,"Lion prince Simba and his father are targeted by his bitter uncle, who wants to ascend the throne himself.",Roger Allers
Modern Times,8.5/10,8.5/10,Comedy,The Tramp struggles to live in modern industrial society with the help of a young homeless woman.,Charles Chaplin
American History X,8.5/10,8.5/10,Drama,A former neo-nazi skinhead tries to prevent his younger brother from going down the same wrong path that he did.,Tony Kaye
City Lights,8.5/10,8.5/10,Comedy,"With the aid of a wealthy erratic tippler, a dewy-eyed tramp who has fallen in love with a sightless flower girl accumulates money to be able to help her medically.",Charles Chaplin
Hotaru no haka,8.5/10,8.5/10,Animation,A young boy and his little sister struggle to survive in Japan during World War II.,Isao Takahata
Whiplash,8.5/10,8.5/10,Drama,A promising young drummer enrolls at a cut-throat music conservatory where his dreams of greatness are mentored by an instructor who will stop at nothing to realize a student's potential.,Damien Chazelle
Gladiator,8.5/10,8.5/10,Action,A former Roman General sets out to exact vengeance against the corrupt emperor who murdered his family and sent him into slavery.,Ridley Scott
The Departed,8.5/10,8.5/10,Crime,An undercover cop and a mole in the police attempt to identify each other while infiltrating an Irish gang in South Boston.,Martin Scorsese
Intouchables,8.5/10,8.5/10,Biography,"After he becomes a quadriplegic from a paragliding accident, an aristocrat hires a young man from the projects to be his caregiver.",Olivier Nakache
The Prestige,8.5/10,8.5/10,Drama,"After a tragic accident, two stage magicians in 1890s London engage in a battle to create the ultimate illusion while sacrificing everything they have to outwit each other.",Christopher Nolan
Casablanca,8.5/10,8.5/10,Drama,A cynical expatriate American cafe owner struggles to decide whether or not to help his former lover and her fugitive husband escape the Nazis in French Morocco.,Michael Curtiz
C'era una volta il West,8.5/10,8.5/10,Western,A mysterious stranger with a harmonica joins forces with a notorious desperado to protect a beautiful widow from a ruthless assassin working for the railroad.,Sergio Leone
Rear Window,8.5/10,8.5/10,Mystery,"A wheelchair-bound photographer spies on his neighbors from his Greenwich Village courtyard apartment window, and becomes convinced one of them has committed murder, despite the skepticism o... Read all",Alfred Hitchcock
Nuovo Cinema Paradiso,8.5/10,8.5/10,Drama,A filmmaker recalls his childhood when falling in love with the pictures at the cinema of his home village and forms a deep friendship with the cinema's projectionist.,Giuseppe Tornatore
Alien,8.4/10,8.4/10,Horror,"After a space merchant vessel receives an unknown transmission as a distress call, one of the crew is attacked by a mysterious life form and they soon realize that its life cycle has merely ... Read all",Ridley Scott
Apocalypse Now,8.4/10,8.4/10,Drama,A U.S. Army officer serving in Vietnam is tasked with assassinating a renegade Special Forces Colonel who sees himself as a god.,Francis Ford Coppola
Memento,8.4/10,8.4/10,Mystery,A man with short-term memory loss attempts to track down his wife's murderer.,Christopher Nolan
Raiders of the Lost Ark,8.4/10,8.4/10,Action,"In 1936, archaeologist and adventurer Indiana Jones is hired by the U.S. government to find the Ark of the Covenant before Adolf Hitler's Nazis can obtain its awesome powers.",Steven Spielberg
The Great Dictator,8.4/10,8.4/10,Comedy,Dictator Adenoid Hynkel tries to expand his empire while a poor Jewish barber tries to avoid persecution from Hynkel's regime.,Charles Chaplin
Das Leben der Anderen,8.4/10,8.4/10,Drama,"In 1984 East Berlin, an agent of the secret police, conducting surveillance on a writer and his lover, finds himself becoming increasingly absorbed by their lives.",Florian Henckel von Donnersmarck
Django Unchained,8.4/10,8.4/10,Drama,"With the help of a German bounty-hunter, a freed slave sets out to rescue his wife from a brutal plantation-owner in Mississippi.",Quentin Tarantino
Paths of Glory,8.4/10,8.4/10,Drama,"After refusing to attack an enemy position, a general accuses the soldiers of cowardice and their commanding officer must defend them.",Stanley Kubrick
Sunset Blvd.,8.4/10,8.4/10,Drama,A screenwriter develops a dangerous relationship with a faded film star determined to make a triumphant return.,Billy Wilder
WALL·E,8.4/10,8.4/10,Animation,"In the distant future, a small waste-collecting robot inadvertently embarks on a space journey that will ultimately decide the fate of mankind.",Andrew Stanton
Avengers: Infinity War,8.4/10,8.4/10,Action,The Avengers and their allies must be willing to sacrifice all in an attempt to defeat the powerful Thanos before his blitz of devastation and ruin puts an end to the universe.,Anthony Russo
The Shining,8.4/10,8.4/10,Drama,"A family heads to an isolated hotel for the winter where a sinister presence influences the father into violence, while his psychic son sees horrific forebodings from both past and future.",Stanley Kubrick
Witness for the Prosecution,8.4/10,8.4/10,Crime,A veteran British barrister must defend his client in a murder trial that has surprise after surprise.,Billy Wilder
Spider-Man: Into the Spider-Verse,8.4/10,8.4/10,Animation,"Teen Miles Morales becomes the Spider-Man of his universe, and must join with five spider-powered individuals from other dimensions to stop a threat for all realities.",Bob Persichetti
Dr. Strangelove or: How I Learned to Stop Worrying and Love the Bomb,8.4/10,8.4/10,Comedy,An insane general triggers a path to nuclear holocaust that a War Room full of politicians and generals frantically tries to stop.,Stanley Kubrick
Joker,8.4/10,8.4/10,Crime,"In Gotham City, mentally troubled comedian Arthur Fleck is disregarded and mistreated by society. He then embarks on a downward spiral of revolution and bloody crime. This path brings him fa... Read all",Todd Phillips
Mononoke-hime,8.4/10,8.4/10,Animation,"On a journey to find the cure for a Tatarigami's curse, Ashitaka finds himself in the middle of a war between the forest gods and Tatara, a mining colony. In this quest he also meets San, th... Read all",Hayao Miyazaki
Oldeuboi,8.4/10,8.4/10,Action,"After being kidnapped and imprisoned for fifteen years, Oh Dae-Su is released, only to find that he must find his captor in five days.",Park Chan-Wook
Kimi no na wa.,8.4/10,8.4/10,Animation,"Two strangers find themselves linked in a bizarre way. When a connection forms, will distance be the only thing to keep them apart?",Makoto Shinkai
The Dark Knight Rises,8.4/10,8.4/10,Action,"Eight years after the Joker's reign of anarchy, Batman, with the help of the enigmatic Catwoman, is forced from his exile to save Gotham City from the brutal guerrilla terrorist Bane.",Christopher Nolan
Once Upon a Time in America,8.3/10,8.3/10,Crime,"A former Prohibition-era Jewish gangster returns to the Lower East Side of Manhattan 35 years later, where he must once again confront the ghosts and regrets of his old life.",Sergio Leone
Aliens,8.3/10,8.3/10,Action,"Fifty-seven years after surviving an apocalyptic attack aboard her space vessel by merciless space creatures, Officer Ripley awakens from hyper-sleep and tries to warn anyone who will listen... Read all",James Cameron
Coco,8.4/10,8.4/10,Animation,"Aspiring musician Miguel, confronted with his family's ancestral ban on music, enters the Land of the Dead to find his great-great-grandfather, a legendary singer.",Lee Unkrich
Capharnaüm,8.4/10,8.4/10,Drama,"While serving a five-year sentence for a violent crime, a 12-year-old boy sues his parents for neglect.",Nadine Labaki
Avengers: Endgame,8.4/10,8.4/10,Action,"After the devastating events of Avengers: Infinity War (2018), the universe is in ruins. With the help of remaining allies, the Avengers assemble once more in order to reverse Thanos' action... Read all",Anthony Russo
Das Boot,8.3/10,8.3/10,Adventure,"The claustrophobic world of a WWII German U-boat; boredom, filth and sheer terror.",Wolfgang Petersen
Tengoku to jigoku,8.4/10,8.4/10,Crime,An executive of a Yokohama shoe company becomes a victim of extortion when his chauffeur's son is kidnapped by mistake and held for ransom.,Akira Kurosawa
Hamilton,8.4/10,8.4/10,Biography,"The real life of one of America's foremost founding fathers and first Secretary of the Treasury, Alexander Hamilton. Captured live on Broadway from the Richard Rodgers Theater with the origi... Read all",Thomas Kail
American Beauty,8.3/10,8.3/10,Drama,A sexually frustrated suburban father has a mid-life crisis after becoming infatuated with his daughter's best friend.,Sam Mendes
Toy Story,8.3/10,8.3/10,Animation,A cowboy doll is profoundly threatened and jealous when a new spaceman figure supplants him as top toy in a boy's room.,John Lasseter
3 Idiots,8.4/10,8.4/10,Comedy,"Two friends are searching for their long lost companion. They revisit their college days and recall the memories of their friend who inspired them to think differently, even as the rest of t... Read all",Rajkumar Hirani
Amadeus,8.3/10,8.3/10,Biography,"The life, success and troubles of Wolfgang Amadeus Mozart, as told by Antonio Salieri, the contemporaneous composer who was insanely jealous of Mozart's talent and claimed to have murdered h... Read all",Milos Forman
Braveheart,8.3/10,8.3/10,Biography,Scottish warrior William Wallace leads his countrymen in a rebellion to free his homeland from the tyranny of King Edward I of England.,Mel Gibson
Inglourious Basterds,8.3/10,8.3/10,Adventure,"In Nazi-occupied France during World War II, a plan to assassinate Nazi leaders by a group of Jewish U.S. soldiers coincides with a theatre owner's vengeful plans for the same.",Quentin Tarantino
Good Will Hunting,8.3/10,8.3/10,Drama,"Will Hunting, a janitor at M.I.T., has a gift for mathematics, but needs help from a psychologist to find direction in his life.",Gus Van Sant
Star Wars: Episode VI - Return of the Jedi,8.3/10,8.3/10,Action,"After a daring mission to rescue Han Solo from Jabba the Hutt, the Rebels dispatch to Endor to destroy the second Death Star. Meanwhile, Luke struggles to help Darth Vader back from the dark... Read all",Richard Marquand
2001: A Space Odyssey,8.3/10,8.3/10,Adventure,"After discovering a mysterious artifact buried beneath the Lunar surface, mankind sets off on a quest to find its origins with help from intelligent supercomputer H.A.L. 9000.",Stanley Kubrick
Reservoir Dogs,8.3/10,8.3/10,Crime,"When a simple jewelry heist goes horribly wrong, the surviving criminals begin to suspect that one of them is a police informant.",Quentin Tarantino
M - Eine Stadt sucht einen Mörder,8.3/10,8.3/10,Crime,"When the police in a German city are unable to catch a child-murderer, other criminals join in the manhunt.",Fritz Lang
Taare Zameen Par,8.4/10,8.4/10,Drama,"An eight-year-old boy is thought to be a lazy trouble-maker, until the new art teacher has the patience and compassion to discover the real problem behind his struggles in school.",Aamir Khan
Vertigo,8.3/10,8.3/10,Mystery,"A former San Francisco police detective juggles wrestling with his personal demons and becoming obsessed with the hauntingly beautiful woman he has been hired to trail, who may be deeply dis... Read all",Alfred Hitchcock
Citizen Kane,8.3/10,8.3/10,Drama,"Following the death of publishing tycoon Charles Foster Kane, reporters scramble to uncover the meaning of his final utterance; 'Rosebud'.",Orson Welles
Idi i smotri,8.3/10,8.3/10,Drama,"After finding an old rifle, a young boy joins the Soviet resistance movement against ruthless German forces and experiences the horrors of World War II.",Elem Klimov
Jagten,8.3/10,8.3/10,Drama,"A teacher lives a lonely life, all the while struggling over his son's custody. His life slowly gets better as he finds love and receives good news from his son, but his new luck is about to... Read all",Thomas Vinterberg
Requiem for a Dream,8.3/10,8.3/10,Drama,The drug-induced utopias of four Coney Island people are shattered when their addictions run deep.,Darren Aronofsky
Singin' in the Rain,8.3/10,8.3/10,Comedy,A silent film star falls for a chorus girl just as he and his delusionally jealous screen partner are trying to make the difficult transition to talking pictures in 1920s Hollywood.,Stanley Donen
North by Northwest,8.3/10,8.3/10,Adventure,"A New York City advertising executive goes on the run after being mistaken for a government agent by a group of foreign spies, and falls for a woman whose loyalties he begins to doubt.",Alfred Hitchcock
Eternal Sunshine of the Spotless Mind,8.3/10,8.3/10,Drama,"When their relationship turns sour, a couple undergoes a medical procedure to have each other erased from their memories.",Michel Gondry
Ladri di biciclette,8.3/10,8.3/10,Drama,"In post-war Italy, a working-class man's bicycle is stolen. He and his son set out to find it.",Vittorio De Sica
Ikiru,8.3/10,8.3/10,Drama,A bureaucrat tries to find meaning in his life after he discovers he has terminal cancer.,Akira Kurosawa
Lawrence of Arabia,8.3/10,8.3/10,Adventure,"The story of T.E. Lawrence, the English officer who successfully united and led the diverse, often warring, Arab tribes during World War I in order to fight the Turks.",David Lean
Pather Panchali,8.5/10,8.5/10,Drama,"Impoverished priest Harihar Ray, dreaming of a better life for himself and his family, leaves his rural Bengal village in search of work.",Satyajit Ray
The Kid,8.3/10,8.3/10,Comedy,"The Tramp cares for an abandoned child, but events put that relationship in jeopardy.",Charles Chaplin
Full Metal Jacket,8.3/10,8.3/10,Drama,A pragmatic U.S. Marine observes the dehumanizing effects the Vietnam War has on his fellow recruits from their brutal boot camp training to the bloody street fighting in Hue.,Stanley Kubrick
Dangal,8.4/10,8.4/10,Action,Former wrestler Mahavir Singh Phogat and his two wrestler daughters struggle towards glory at the Commonwealth Games in the face of societal oppression.,Nitesh Tiwari
The Father,8.3/10,8.3/10,Drama,"A man refuses all assistance from his daughter as he ages. As he tries to make sense of his changing circumstances, he begins to doubt his loved ones, his own mind and even the fabric of his... Read all",Florian Zeller
Dune,8.4/10,8.4/10,Action,"Feature adaptation of Frank Herbert's science fiction novel, about the son of a noble family entrusted with the protection of the most valuable asset and most vital element in the galaxy.",Denis Villeneuve
The Apartment,8.3/10,8.3/10,Comedy,"A Manhattan insurance clerk tries to rise in his company by letting its executives use his apartment for trysts, but complications and a romance of his own ensue.",Billy Wilder
A Clockwork Orange,8.3/10,8.3/10,Crime,"In the future, a sadistic gang leader is imprisoned and volunteers for a conduct-aversion experiment, but it doesn't go as planned.",Stanley Kubrick
Metropolis,8.3/10,8.3/10,Drama,"In a futuristic city sharply divided between the working class and the city planners, the son of the city's mastermind falls in love with a working-class prophet who predicts the coming of a... Read all",Fritz Lang
Taxi Driver,8.2/10,8.2/10,Crime,"A mentally unstable veteran works as a nighttime taxi driver in New York City, where the perceived decadence and sleaze fuels his urge for violent action by attempting to liberate a presiden... Read all",Martin Scorsese
Incendies,8.3/10,8.3/10,Drama,Twins journey to the Middle East to discover their family history and fulfill their mother's last wishes.,Denis Villeneuve
Double Indemnity,8.3/10,8.3/10,Crime,"A Los Angeles insurance representative lets an alluring housewife seduce him into a scheme of insurance fraud and murder that arouses the suspicion of his colleague, an insurance investigato... Read all",Billy Wilder
The Sting,8.3/10,8.3/10,Comedy,Two grifters team up to pull off the ultimate con.,George Roy Hill
Jodaeiye Nader az Simin,8.3/10,8.3/10,Drama,A married couple are faced with a difficult decision - to improve the life of their child by moving to another country or to stay in Iran and look after a deteriorating parent who has Alzhei... Read all,Asghar Farhadi
Scarface,8.3/10,8.3/10,Crime,"In 1980 Miami, a determined Cuban immigrant takes over a drug cartel and succumbs to greed.",Brian De Palma
1917,8.3/10,8.3/10,Action,"April 6th, 1917. As a regiment assembles to wage war deep in enemy territory, two soldiers are assigned to race against time and deliver a message that will stop 1,600 men from walking strai... Read all",Sam Mendes
Snatch,8.3/10,8.3/10,Comedy,"Unscrupulous boxing promoters, violent bookmakers, a Russian gangster, incompetent amateur robbers and supposedly Jewish jewelers fight to track down a priceless stolen diamond.",Guy Ritchie
Le fabuleux destin d'Amélie Poulain,8.3/10,8.3/10,Comedy,"Amélie is an innocent and naive girl in Paris with her own sense of justice. She decides to help those around her and, along the way, discovers love.",Jean-Pierre Jeunet
To Kill a Mockingbird,8.3/10,8.3/10,Crime,"Atticus Finch, a lawyer in the Depression-era South, defends a black man against an undeserved rape charge, and his children against prejudice.",Robert Mulligan
Toy Story 3,8.2/10,8.2/10,Animation,"The toys are mistakenly delivered to a day-care center instead of the attic right before Andy leaves for college, and it's up to Woody to convince the other toys that they weren't abandoned ... Read all",Lee Unkrich
Per qualche dollaro in più,8.2/10,8.2/10,Western,Two bounty hunters with the same intentions team up to track down a Western outlaw.,Sergio Leone
Up,8.2/10,8.2/10,Animation,"78-year-old Carl Fredricksen travels to Paradise Falls in his house equipped with balloons, inadvertently taking a young stowaway.",Pete Docter
Indiana Jones and the Last Crusade,8.2/10,8.2/10,Action,"In 1938, after his father Professor Henry Jones, Sr. goes missing while pursuing the Holy Grail, Professor Henry ""Indiana"" Jones, Jr. finds himself up against Adolf Hitler's Nazis again to s... Read all",Steven Spielberg
L.A. Confidential,8.2/10,8.2/10,Crime,"As corruption grows in 1950s Los Angeles, three policemen - one strait-laced, one brutal, and one sleazy - investigate a series of murders with their own brand of justice.",Curtis Hanson
Heat,8.2/10,8.2/10,Crime,A group of high-end professional thieves start to feel the heat from the LAPD when they unknowingly leave a clue at their latest heist.,Michael Mann
Yôjinbô,8.2/10,8.2/10,Action,A crafty ronin comes to a town divided by two criminal gangs and decides to play them against each other to free the town.,Akira Kurosawa
Rashômon,8.2/10,8.2/10,Crime,"The rape of a bride and the murder of her samurai husband are recalled from the perspectives of a bandit, the bride, the samurai's ghost and a woodcutter.",Akira Kurosawa
Ran,8.2/10,8.2/10,Action,"In Medieval Japan, an elderly warlord retires, handing over his empire to his three sons. However, he vastly underestimates how the new-found power will corrupt them and cause them to turn o... Read all",Akira Kurosawa
Die Hard,8.2/10,8.2/10,Action,An NYPD officer tries to save his wife and several others taken hostage by German terrorists during a Christmas party at the Nakatomi Plaza in Los Angeles.,John McTiernan
Green Book,8.2/10,8.2/10,Biography,A working-class Italian-American bouncer becomes the driver of an African-American classical pianist on a tour of venues through the 1960s American South.,Peter Farrelly
Der Untergang,8.2/10,8.2/10,Biography,"Traudl Junge, the final secretary for Adolf Hitler, tells of the Nazi dictator's final days in his Berlin bunker at the end of WWII.",Oliver Hirschbiegel
Monty Python and the Holy Grail,8.2/10,8.2/10,Adventure,"King Arthur and his Knights of the Round Table embark on a surreal, low-budget search for the Holy Grail, encountering many, very silly obstacles.",Terry Gilliam
All About Eve,8.2/10,8.2/10,Drama,A seemingly timid but secretly ruthless ingénue insinuates herself into the lives of an aging Broadway star and her circle of theater friends.,Joseph L. Mankiewicz
Some Like It Hot,8.2/10,8.2/10,Comedy,"After two male musicians witness a mob hit, they flee the state in an all-female band disguised as women, but further complications set in.",Billy Wilder
Batman Begins,8.2/10,8.2/10,Action,"After training with his mentor, Batman begins his fight to free crime-ridden Gotham City from corruption.",Christopher Nolan
Unforgiven,8.2/10,8.2/10,Drama,"Retired Old West gunslinger William Munny reluctantly takes on one last job, with the help of his old partner Ned Logan and a young man, The ""Schofield Kid.""",Clint Eastwood
Bacheha-Ye aseman,8.3/10,8.3/10,Drama,"After a boy loses his sister's pair of shoes, he goes on a series of adventures in order to find them. When he can't, he tries a new way to ""win"" a new pair.",Majid Majidi
Hauru no ugoku shiro,8.2/10,8.2/10,Animation,"When an unconfident young woman is cursed with an old body by a spiteful witch, her only chance of breaking the spell lies with a self-indulgent yet insecure young wizard and his companions ... Read all",Hayao Miyazaki
The Wolf of Wall Street,8.2/10,8.2/10,Biography,"Based on the true story of Jordan Belfort, from his rise to a wealthy stock-broker living the high life to his fall involving crime, corruption and the federal government.",Martin Scorsese
Judgment at Nuremberg,8.2/10,8.2/10,Drama,"In 1948, an American court in occupied Germany tries four Nazis judged for war crimes.",Stanley Kramer
The Great Escape,8.2/10,8.2/10,Adventure,Allied prisoners of war plan for several hundred of their number to escape from a German camp during World War II.,John Sturges
Casino,8.2/10,8.2/10,Crime,"A tale of greed, deception, money, power, and murder occur between two best friends: a mafia enforcer and a casino executive compete against each other over a gambling empire, and over a fas... Read all",Martin Scorsese
The Treasure of the Sierra Madre,8.2/10,8.2/10,Adventure,Two down-on-their-luck Americans searching for work in 1920s Mexico convince an old prospector to help them mine for gold in the Sierra Madre Mountains.,John Huston
There Will Be Blood,8.2/10,8.2/10,Drama,"A story of family, religion, hatred, oil and madness, focusing on a turn-of-the-century prospector in the early days of the business.",Paul Thomas Anderson
El laberinto del fauno,8.2/10,8.2/10,Drama,"In the Falangist Spain of 1944, the bookish young stepdaughter of a sadistic army officer escapes into an eerie but captivating fantasy world.",Guillermo del Toro
A Beautiful Mind,8.2/10,8.2/10,Biography,"After John Nash, a brilliant but asocial mathematician, accepts secret work in cryptography, his life takes a turn for the nightmarish.",Ron Howard
El secreto de sus ojos,8.2/10,8.2/10,Drama,A retired legal counselor writes a novel hoping to find closure for one of his past unresolved homicide cases and for his unreciprocated love with his superior - both of which still haunt hi... Read all,Juan José Campanella
Raging Bull,8.2/10,8.2/10,Biography,"The life of boxer Jake LaMotta, whose violence and temper that led him to the top in the ring destroyed his life outside of it.",Martin Scorsese
Tonari no Totoro,8.2/10,8.2/10,Animation,"When two girls move to the country to be near their ailing mother, they have adventures with the wondrous forest spirits who live nearby.",Hayao Miyazaki
Chinatown,8.2/10,8.2/10,Drama,"A private detective hired to expose an adulterer in 1930s Los Angeles finds himself caught up in a web of deceit, corruption, and murder.",Roman Polanski
"Lock, Stock and Two Smoking Barrels",8.2/10,8.2/10,Action,"Eddy persuades his three pals to pool money for a vital poker game against a powerful local mobster, Hatchet Harry. Eddy loses, after which Harry gives him a week to pay back 500,000 pounds.",Guy Ritchie
Shutter Island,8.2/10,8.2/10,Mystery,"In 1954, a U.S. Marshal investigates the disappearance of a murderer who escaped from a hospital for the criminally insane.",Martin Scorsese
The Gold Rush,8.2/10,8.2/10,Adventure,A prospector goes to the Klondike in search of gold and finds it and more.,Charles Chaplin
No Country for Old Men,8.1/10,8.1/10,Crime,Violence and mayhem ensue after a hunter stumbles upon a drug deal gone wrong and more than two million dollars in cash near the Rio Grande.,Ethan Coen
Dial M for Murder,8.2/10,8.2/10,Crime,A former tennis player tries to arrange his wife's murder after learning of her affair.,Alfred Hitchcock
Det sjunde inseglet,8.2/10,8.2/10,Drama,"A man seeks answers about life, death, and the existence of God as he plays chess against the Grim Reaper during the Black Plague.",Ingmar Bergman
"Three Billboards Outside Ebbing, Missouri",8.1/10,8.1/10,Comedy,A mother personally challenges the local authorities to solve her daughter's murder when they fail to catch the culprit.,Martin McDonagh
The Elephant Man,8.1/10,8.1/10,Biography,"A Victorian surgeon rescues a heavily disfigured man who is mistreated while scraping a living as a side-show freak. Behind his monstrous façade, there is revealed a person of kindness, inte... Read all",David Lynch
The Thing,8.1/10,8.1/10,Horror,A research team in Antarctica is hunted by a shape-shifting alien that assumes the appearance of its victims.,John Carpenter
The Sixth Sense,8.1/10,8.1/10,Drama,"A frightened, withdrawn Philadelphia boy who communicates with spirits seeks the help of a disheartened child psychologist.",M. Night Shyamalan
Klaus,8.2/10,8.2/10,Animation,"A simple act of kindness always sparks another, even in a frozen, faraway place. When Smeerensburg's new postman, Jesper, befriends toymaker Klaus, their gifts melt an age-old feud and deliv... Read all",Sergio Pablos
The Third Man,8.1/10,8.1/10,Film-Noir,"Pulp novelist Holly Martins travels to shadowy, postwar Vienna, only to find himself investigating the mysterious death of an old friend, Harry Lime.",Carol Reed
Smultronstället,8.2/10,8.2/10,Drama,"After living a life marked by coldness, an aging professor is forced to confront the emptiness of his existence.",Ingmar Bergman
The Truman Show,8.1/10,8.1/10,Comedy,An insurance salesman discovers his whole life is actually a reality TV show.,Peter Weir
Jurassic Park,8.1/10,8.1/10,Action,A pragmatic paleontologist touring an almost complete theme park on an island in Central America is tasked with protecting a couple of kids after a power failure causes the park's cloned din... Read all,Steven Spielberg
V for Vendetta,8.1/10,8.1/10,Action,"In a future British tyranny, a shadowy freedom fighter, known only by the alias of ""V,"" plots to overthrow it with the help of a young woman.",James McTeigue
Inside Out,8.1/10,8.1/10,Animation,"After young Riley is uprooted from her Midwest life and moved to San Francisco, her emotions - Joy, Fear, Anger, Disgust and Sadness - conflict on how best to navigate a new city, house, and... Read all",Pete Docter
Salinui chueok,8.1/10,8.1/10,Crime,"In a small Korean province in 1986, two detectives struggle with the case of multiple young women being found raped and murdered by an unknown culprit.",Bong Joon Ho
Blade Runner,8.1/10,8.1/10,Action,"A blade runner must pursue and terminate four replicants who stole a ship in space, and have returned to Earth to find their creator.",Ridley Scott
Trainspotting,8.1/10,8.1/10,Drama,"Renton, deeply immersed in the Edinburgh drug scene, tries to clean up and get out, despite the allure of the drugs and influence of friends.",Danny Boyle
The Bridge on the River Kwai,8.1/10,8.1/10,Adventure,"British POWs are forced to build a railway bridge across the river Kwai for their Japanese captors in occupied Burma, not knowing that the allied forces are planning a daring commando raid t... Read all",David Lean
Fargo,8.1/10,8.1/10,Crime,Minnesota car salesman Jerry Lundegaard's inept crime falls apart due to his and his henchmen's bungling and the persistent police work of the quite pregnant Marge Gunderson.,Joel Coen
Warrior,8.1/10,8.1/10,Action,"The youngest son of an alcoholic former boxer returns home, where he's trained by his father for competition in a mixed martial arts tournament - a path that puts the fighter on a collision ... Read all",Gavin O'Connor
Finding Nemo,8.1/10,8.1/10,Animation,"After his son is captured in the Great Barrier Reef and taken to Sydney, a timid clownfish sets out on a journey to bring him home.",Andrew Stanton
Kill Bill: Vol. 1,8.1/10,8.1/10,Action,"After awakening from a four-year coma, a former assassin wreaks vengeance on the team of assassins who betrayed her.",Quentin Tarantino
Gone with the Wind,8.1/10,8.1/10,Drama,A manipulative woman and a roguish man conduct a turbulent romance during the American Civil War and Reconstruction periods.,Victor Fleming
Tôkyô monogatari,8.2/10,8.2/10,Drama,"An old couple visit their children and grandchildren in the city, but receive little attention.",Yasujirô Ozu
Z,8.3/10,8.3/10,Crime,The public murder of a prominent politician and doctor amid a violent demonstration is covered up by military and government officials. A tenacious magistrate is determined not to let them g... Read all,Costa-Gavras
Babam ve Oglum,8.2/10,8.2/10,Drama,The family of a left-wing journalist is torn apart after the military coup of Turkey in 1980.,Cagan Irmak
On the Waterfront,8.1/10,8.1/10,Crime,"An ex-prize fighter turned New Jersey longshoreman struggles to stand up to his corrupt union bosses, including his older brother, as he starts to connect with the grieving sister of one of ... Read all",Elia Kazan
Stalker,8.1/10,8.1/10,Drama,A guide leads two men through an area known as the Zone to find a room that grants wishes.,Andrei Tarkovsky
Relatos salvajes,8.1/10,8.1/10,Comedy,Six short stories that explore the extremities of human behavior involving people in distress.,Damián Szifron
The Deer Hunter,8.1/10,8.1/10,Drama,An in-depth examination of the ways in which the Vietnam War impacts and disrupts the lives of several friends in a small steel mill town in Pennsylvania.,Michael Cimino
Sherlock Jr.,8.2/10,8.2/10,Action,"A film projectionist longs to be a detective, and puts his meagre skills to work when he is framed by a rival for stealing his girlfriend's father's pocketwatch.",Buster Keaton
The General,8.1/10,8.1/10,Action,"After being rejected by the Confederate military, not realizing it was due to his crucial civilian role, an engineer must single-handedly recapture his beloved locomotive after it is seized ... Read all",Clyde Bruckman
Gran Torino,8.1/10,8.1/10,Drama,"Disgruntled Korean War veteran Walt Kowalski sets out to reform his neighbor, Thao Lor, a Hmong teenager who tried to steal Kowalski's prized possession: a 1972 Gran Torino.",Clint Eastwood
Persona,8.1/10,8.1/10,Drama,A nurse is put in charge of a mute actress and finds that their personae are melding together.,Ingmar Bergman
The Grand Budapest Hotel,8.1/10,8.1/10,Adventure,"A writer encounters the owner of an aging high-class hotel, who tells him of his early years serving as a lobby boy in the hotel's glorious years under an exceptional concierge.",Wes Anderson
Prisoners,8.1/10,8.1/10,Crime,"When Keller Dover's daughter and her friend go missing, he takes matters into his own hands as the police pursue multiple leads and the pressure mounts.",Denis Villeneuve
Before Sunrise,8.1/10,8.1/10,Drama,"A young man and woman meet on a train in Europe, and wind up spending one evening together in Vienna. Unfortunately, both know that this will probably be their only night together.",Richard Linklater
Mary and Max.,8.1/10,8.1/10,Animation,"A tale of friendship between two unlikely pen pals: Mary, a lonely, eight-year-old girl living in the suburbs of Melbourne, and Max, a forty-four-year old, severely obese man living in New Y... Read all",Adam Elliot
Mr. Smith Goes to Washington,8.1/10,8.1/10,Comedy,"A naive youth leader is appointed to fill a vacancy in the U.S. Senate. His idealistic plans promptly collide with corruption at home and subterfuge from his hero in Washington, but he tries... Read all",Frank Capra
Room,8.1/10,8.1/10,Drama,"Held captive for 7 years in an enclosed space, a woman and her young son finally gain their freedom, allowing the boy to experience the outside world for the first time.",Lenny Abrahamson
Catch Me If You Can,8.1/10,8.1/10,Biography,"Barely 21 yet, Frank is a skilled forger who has passed as a doctor, lawyer and pilot. FBI agent Carl becomes obsessed with tracking down the con man, who only revels in the pursuit.",Steven Spielberg
In the Name of the Father,8.1/10,8.1/10,Biography,A man's coerced confession to an I.R.A. bombing he did not commit results in the imprisonment of his father as well. An English lawyer fights to free them.,Jim Sheridan
Barry Lyndon,8.1/10,8.1/10,Adventure,An Irish rogue wins the heart of a rich widow and assumes her dead husband's aristocratic position in 18th-century England.,Stanley Kubrick
Gone Girl,8.1/10,8.1/10,Drama,"With his wife's disappearance having become the focus of an intense media circus, a man sees the spotlight turned on him when it's suspected that he may not be innocent.",David Fincher
Hacksaw Ridge,8.1/10,8.1/10,Biography,"World War II American Army Medic Desmond T. Doss, who served during the Battle of Okinawa, refuses to kill people and becomes the first man in American history to receive the Medal of Honor ... Read all",Mel Gibson
Andhadhun,8.2/10,8.2/10,Crime,"A series of mysterious events change the life of a blind pianist, who must now report a crime that he should technically know nothing of.",Sriram Raghavan
La passion de Jeanne d'Arc,8.1/10,8.1/10,Biography,"In 1431, Jeanne d'Arc is placed on trial on charges of heresy. The ecclesiastical jurists attempt to force Jeanne to recant her claims of holy visions.",Carl Theodor Dreyer
To Be or Not to Be,8.2/10,8.2/10,Comedy,"During the Nazi occupation of Poland, an acting troupe becomes embroiled in a Polish soldier's efforts to track down a German spy.",Ernst Lubitsch
Ford v Ferrari,8.1/10,8.1/10,Action,American car designer Carroll Shelby and driver Ken Miles battle corporate interference and the laws of physics to build a revolutionary race car for Ford in order to defeat Ferrari at the 2... Read all,James Mangold
12 Years a Slave,8.1/10,8.1/10,Biography,"In the antebellum United States, Solomon Northup, a free black man from upstate New York, is abducted and sold into slavery.",Steve McQueen
The Big Lebowski,8.1/10,8.1/10,Comedy,"Jeff ""The Dude"" Lebowski, mistaken for a millionaire of the same name, seeks restitution for his ruined rug and enlists his bowling buddies to help get it.",Joel Coen
How to Train Your Dragon,8.1/10,8.1/10,Animation,"A hapless young Viking who aspires to hunt dragons becomes the unlikely friend of a young dragon himself, and learns there may be more to the creatures than he assumed.",Dean DeBlois
Mad Max: Fury Road,8.1/10,8.1/10,Action,"In a post-apocalyptic wasteland, a woman rebels against a tyrannical ruler in search for her homeland with the aid of a group of female prisoners, a psychotic worshiper, and a drifter named ... Read all",George Miller
Dead Poets Society,8.1/10,8.1/10,Comedy,Maverick teacher John Keating uses poetry to embolden his boarding school students to new heights of self-expression.,Peter Weir
Höstsonaten,8.2/10,8.2/10,Drama,"A devoted wife is visited by her mother, a successful concert pianist who had little time for her when she was young.",Ingmar Bergman
Ben-Hur,8.1/10,8.1/10,Adventure,"After a Jewish prince is betrayed and sent into slavery by a Roman friend in 1st-century Jerusalem, he regains his freedom and comes back for revenge.",William Wyler
Million Dollar Baby,8.1/10,8.1/10,Drama,A determined woman works with a hardened boxing trainer to become a professional.,Clint Eastwood
Harry Potter and the Deathly Hallows: Part 2,8.1/10,8.1/10,Adventure,"Harry, Ron, and Hermione search for Voldemort's remaining Horcruxes in their effort to destroy the Dark Lord as the final battle rages on at Hogwarts.",David Yates
Le salaire de la peur,8.1/10,8.1/10,Adventure,"In a decrepit South American village, four men are hired to transport an urgent nitroglycerine shipment without the equipment that would make it safe.",Henri-Georges Clouzot
Stand by Me,8.1/10,8.1/10,Adventure,"After the death of one of his friends, a writer recounts a childhood journey with his friends to find the body of a missing boy.",Rob Reiner
Network,8.1/10,8.1/10,Drama,"A television network cynically exploits a deranged former anchor's ravings and revelations about the news media for its own profit, but finds that his message may be difficult to control.",Sidney Lumet
Ah-ga-ssi,8.1/10,8.1/10,Drama,"A woman is hired as a handmaiden to a Japanese heiress, but secretly she is involved in a plot to defraud her.",Park Chan-Wook
Logan,8.1/10,8.1/10,Action,"In a future where mutants are nearly extinct, an elderly and weary Logan leads a quiet life. But when Laura, a mutant child pursued by scientists, comes to him for help, he must get her to s... Read all",James Mangold
Cool Hand Luke,8.1/10,8.1/10,Crime,"A laid back Southern man is sentenced to two years in a rural prison, but refuses to conform.",Stuart Rosenberg
Les quatre cents coups,8.1/10,8.1/10,Crime,"A young boy, left without attention, delves into a life of petty crime.",François Truffaut
Hachi: A Dog's Tale,8.1/10,8.1/10,Biography,A college professor bonds with an abandoned dog he takes into his home.,Lasse Hallström
Gangs of Wasseypur,8.2/10,8.2/10,Action,"A clash between Sultan and Shahid Khan leads to the expulsion of Khan from Wasseypur, and ignites a deadly blood feud spanning three generations.",Anurag Kashyap
La haine,8.1/10,8.1/10,Crime,24 hours in the lives of three young men in the French suburbs the day after a violent riot.,Mathieu Kassovitz
Platoon,8.1/10,8.1/10,Drama,"Chris Taylor, a neophyte recruit in Vietnam, finds himself caught in a battle of wills between two sergeants, one good and the other evil. A shrewd examination of the brutality of war and th... Read all",Oliver Stone
Spotlight,8.1/10,8.1/10,Biography,"The true story of how the Boston Globe uncovered the massive scandal of child molestation and cover-up within the local Catholic Archdiocese, shaking the entire Catholic Church to its core.",Tom McCarthy
Koe no katachi,8.2/10,8.2/10,Animation,"A young man is ostracized by his classmates after he bullies a deaf girl to the point where she moves away. Years later, he sets off on a path for redemption.",Naoko Yamada
Eskiya,8.2/10,8.2/10,Crime,"Baran the Bandit, released from prison after 35 years, searches for vengeance and his lover.",Yavuz Turgul
Rebecca,8.1/10,8.1/10,Drama,A self-conscious woman juggles adjusting to her new role as an aristocrat's wife and avoiding being intimidated by his first wife's spectral presence.,Alfred Hitchcock
Life of Brian,8.1/10,8.1/10,Comedy,"Born on the original Christmas in the stable next door to Jesus Christ, Brian of Nazareth spends his life being mistaken for a messiah.",Terry Jones
"Monsters, Inc.",8.1/10,8.1/10,Animation,"In order to power the city, monsters have to scare children so that they scream. However, the children are toxic to the monsters, and after a child gets through, two monsters realize things ... Read all",Pete Docter
Hotel Rwanda,8.1/10,8.1/10,Biography,"Paul Rusesabagina, a hotel manager, houses over a thousand Tutsi refugees during their struggle against the Hutu militia in Rwanda, Africa.",Terry George
Fa yeung nin wah,8.1/10,8.1/10,Drama,"Two neighbors form a strong bond after both suspect extramarital activities of their spouses. However, they agree to keep their bond platonic so as not to commit similar wrongs.",Kar-Wai Wong
Rush,8.1/10,8.1/10,Action,The merciless 1970s rivalry between Formula One rivals James Hunt and Niki Lauda.,Ron Howard
Into the Wild,8.1/10,8.1/10,Adventure,"After graduating from Emory University, top student and athlete Christopher McCandless abandons his possessions, gives his entire $24,000 savings account to charity and hitchhikes to Alaska ... Read all",Sean Penn
Amores perros,8.1/10,8.1/10,Drama,"A horrific car accident connects three stories, each involving characters dealing with loss, regret, and life's harsh realities, all in the name of love.",Alejandro G. Iñárritu
Rocky,8.1/10,8.1/10,Drama,A small-time boxer gets a supremely rare chance to fight a heavyweight champion in a bout in which he strives to go the distance for his self-respect.,John G. Avildsen
Strasti po Andreyu,8.1/10,8.1/10,Biography,"The life, times and afflictions of the fifteenth-century Russian iconographer St. Andrei Rublev.",Andrei Tarkovsky
Kaze no tani no Naushika,8.1/10,8.1/10,Animation,Warrior and pacifist Princess Nausicaä desperately struggles to prevent two warring nations from destroying themselves and their dying planet.,Hayao Miyazaki
It Happened One Night,8.1/10,8.1/10,Comedy,"A renegade reporter trailing a young runaway heiress for a big story joins her on a bus heading from Florida to New York, and they end up stuck with each other when the bus leaves them behin... Read all",Frank Capra
Before Sunset,8.1/10,8.1/10,Drama,"Nine years after Jesse and Celine first met, they encounter each other again on the French leg of Jesse's book tour.",Richard Linklater
"Shin seiki Evangelion Gekijô-ban: Air/Magokoro wo, kimi ni",8.1/10,8.1/10,Animation,Concurrent theatrical ending of the TV series Shin seiki evangerion (1995).,Hideaki Anno
Fanny och Alexander,8.1/10,8.1/10,Drama,"Two young Swedish children in the 1900s experience the many comedies and tragedies of their lively and affectionate theatrical family, the Ekdahls.",Ingmar Bergman
La battaglia di Algeri,8.1/10,8.1/10,Drama,"In the 1950s, fear and violence escalate as the people of Algiers fight for independence from the French government.",Gillo Pontecorvo
Kimetsu no Yaiba: Mugen Ressha-Hen,8.3/10,8.3/10,Animation,"After his family was brutally murdered and his sister turned into a demon, Tanjiro Kamado's journey as a demon slayer began. Tanjiro and his comrades embark on a new mission aboard the Mugen... Read all",Haruo Sotozaki
Trois couleurs: Rouge,8.1/10,8.1/10,Drama,A model discovers a retired judge is keen on invading people's privacy.,Krzysztof Kieslowski
The Princess Bride,8.1/10,8.1/10,Adventure,"While home sick in bed, a young boy's grandfather reads him the story of a farmboy-turned-pirate who encounters numerous obstacles, enemies and allies in his quest to be reunited with his tr... Read all",Rob Reiner
"Paris, Texas",8.1/10,8.1/10,Drama,"Travis Henderson, an aimless drifter who has been missing for four years, wanders out of the desert and must reconnect with society, himself, his life, and his family.",Wim Wenders
Le notti di Cabiria,8.1/10,8.1/10,Drama,A waifish prostitute wanders the streets of Rome looking for true love but finds only heartbreak.,Federico Fellini
Du rififi chez les hommes,8.1/10,8.1/10,Crime,"Four men plan a technically perfect crime, but the human element intervenes...",Jules Dassin
Mandariinid,8.2/10,8.2/10,Drama,"In 1992, war rages in Abkhazia, a breakaway region of Georgia. An Estonian man Ivo has decided to stay behind and harvest his crops of tangerines. In a bloody conflict at his door, a wounded... Read all",Zaza Urushadze
